"effect_var","cause_var","int_est","int_tval","int_pval","nofert_est","nofert_tval","nofert_pval"
"smapc","PRO_Taxa00195_tp-1",0.019150673668566,6.02785534180362,7.28871587917174e-08,-0.00911720409358227,-2.04200542882817,0.0754386583943912
"smapc","EUK_Taxa00423_tp-1",0.0170026884677107,4.13077257261652,9.98617610495723e-05,-0.0186763726636199,-3.22866263867135,0.0120811890106914
"raw_value","PRO_Taxa00195_tp-1",0.552816340253433,4.0421322459622,0.000135758910409189,-1.1059646543036,-5.75423168613563,0.000426920773605899
"raw_value","EUK_Taxa00423_tp-1",0.362631347914071,3.85364073225409,0.000257788264104174,-0.855287058230424,-6.46746712818029,0.000194677235293127
"overall_effect","PRO_Taxa00195_tp-1",0.0151880471898818,4.03760609797716,0.000137891665723838,-0.0205652912707483,-3.88162644140294,0.0046640557887588
"overall_effect","EUK_Taxa00423_tp-1",0.0225634081922594,3.53021039798446,0.000744456211727266,-0.0220387150106257,-2.45278697770664,0.039763523311429
