"","Group.1","x","prop"
"1","field_nc",670.266666666667,0.0183582987862218
"2","pcr_nc",5564.25,0.152402273753583
"3","sample",36510.2820512821,1
"4","std_nc",240.875,0.00659745656474713
