"","Group.1","x","prop"
"1","field_nc",268.066666666667,0.0175627768000085
"2","pcr_nc",698.25,0.0457468623499351
"3","sample",15263.3418803419,1
"4","std_nc",146.75,0.00961453927655278
