"","Group.1","x","prop"
"1","field_nc",1587,0.103045313987999
"2","pcr_nc",10.5,0.000681774289145554
"3","sample",15400.9914529915,1
"4","std_nc",4.75,0.000308421702232513
